"","TfR1","mean","median","sd","top","mean.rms","sd.rms"
"1","human_MACV",-8.6284,-8.5455,0.302623418349164,-9.274,6.9935,0.328027861282815
"2","C.cal_MACV",-8.9286,-8.955,0.442280001808809,-9.625,7.0476,0.589816770041529
"3","mouse.5aa_MACV",-9.5705,-9.459,0.400110054304507,-10.492,6.8008,0.164679351738124
"4","mouse_MACV",-7.1244,-6.8965,0.460564436317005,-7.998,8.5377,0.780518495759212
"5","human.L212V_MACV",-6.8628,-6.7265,0.387470945147289,-7.569,7.7666,2.6122205624079
"6","rat_MACV",-7.3509,-7.2895,0.306410563351418,-7.994,8.224,0.802590527950309
"7","rat.5aa_MACV",-7.8091,-7.742,0.240518629447099,-8.317,7.2516,0.689060261838139
"8","rat.9aa_MACV",-9.0238,-8.966,0.262627662078634,-9.602,7.8002,0.611516657354665
